375803.060285,37123.060209,-43615.563851
375989.712588,37252.725091,-43646.926655
376177.919453,37378.521780,-43674.126944
376367.659945,37500.421770,-43697.168680
376558.912637,37618.397069,-43716.056240
376751.655614,37732.420206,-43730.794409
376945.866478,37842.464238,-43741.388375
377141.522348,37948.502761,-43747.843733
377338.599867,38050.509915,-43750.166472
377537.075207,38148.460393,-43748.362979
377736.924067,38242.329449,-43742.440034
377938.121687,38332.092903,-43732.404802
378140.642843,38417.727152,-43718.264837
378344.461857,38499.209175,-43700.028072
378549.552603,38576.516540,-43677.702818
378755.888507,38649.627412,-43651.297761
378963.442556,38718.520560,-43620.821958
379172.187304,38783.175362,-43586.284833
379382.094872,38843.571812,-43547.696173
379593.136962,38899.690529,-43505.066125
379805.284857,38951.512761,-43458.405193
380018.509427,38999.020390,-43407.724232
380232.781138,39042.195940,-43353.034448
380448.070057,39081.022584,-43294.347391
380664.345859,39115.484146,-43231.674951
380881.577832,39145.565107,-43165.029358
381099.734884,39171.250618,-43094.423175
381318.785553,39192.526492,-43019.869295
381538.698011,39209.379221,-42941.380939
381759.440069,39221.795974,-42858.971648
381980.979192,39229.764606,-42772.655284
382203.282499,39233.273658,-42682.446026
382426.316772,39232.312366,-42588.358361
382650.048467,39226.870663,-42490.407085
382874.443719,39216.939182,-42388.607301
383099.468351,39202.509263,-42282.974409
383325.087881,39183.572956,-42173.524107
383551.267531,39160.123022,-42060.272386
383777.972236,39132.152939,-41943.235527
384005.166650,39099.656906,-41822.430096
384232.815157,39062.629843,-41697.872941
384460.881878,39021.067397,-41569.581189
384689.330682,38974.965943,-41437.572241
384918.125191,38924.322589,-41301.863769
385147.228792,38869.135175,-41162.473714
385376.604645,38809.402277,-41019.420280
385606.215692,38745.123211,-40872.721930
385836.024666,38676.298032,-40722.397386
386065.994101,38602.927536,-40568.465621
386296.086340,38525.013267,-40410.945861
386526.263546,38442.557507,-40249.857576
386756.487710,38355.563292,-40085.220478
386986.720662,38264.034399,-39917.054519
387216.924078,38167.975359,-39745.379889
387447.059493,38067.391448,-39570.217008
387677.088309,37962.288693,-39391.586526
387906.971804,37852.673873,-39209.509318
388136.671144,37738.554515,-39024.006482
388366.147391,37619.938898,-38835.099337
388595.361513,37496.836051,-38642.809414
388824.274396,37369.255753,-38447.158460
389052.846851,37237.208534,-38248.168428
389281.039626,37100.705670,-38045.861482
389508.813416,36959.759189,-37840.259984
389736.128872,36814.381864,-37631.386499
389962.946613,36664.587216,-37419.263788
390189.227234,36510.389508,-37203.914805
390414.931318,36351.803750,-36985.362696
390640.019444,36188.845691,-36763.630792
390864.452200,36021.531822,-36538.742612
391088.190191,35849.879371,-36310.721855
391311.194051,35673.906302,-36079.592399
391533.424450,35493.631312,-35845.378296
391754.842109,35309.073830,-35608.103775
391975.407805,35120.254014,-35367.793231
392195.082387,34927.192745,-35124.471230
392413.826779,34729.911628,-34878.162499
392631.601998,34528.432990,-34628.891930
392848.369158,34322.779869,-34376.684572
393064.089483,34112.976020,-34121.565632
393278.724317,33899.045905,-33863.560470
393492.235133,33681.014692,-33602.694598
393704.583545,33458.908250,-33338.993675
393915.731315,33232.753144,-33072.483507
394125.640366,33002.576635,-32803.190045
394334.272791,32768.406669,-32531.139380
394541.590861,32530.271877,-32256.357740
394747.557037,32288.201570,-31978.871493
394952.133981,32042.225733,-31698.707137
395155.284562,31792.375019,-31415.891304
395356.971869,31538.680746,-31130.450755
395557.159218,31281.174891,-30842.412376
395755.810164,31019.890082,-30551.803181
395952.888511,30754.859598,-30258.650304
396148.358317,30486.117356,-29962.980999
396342.183908,30213.697910,-29664.822640
396534.329885,29937.636447,-29364.202715
396724.761135,29657.968771,-29061.148828
396913.442839,29374.731310,-28755.688692
397100.340479,29087.961096,-28447.850133
397285.419853,28797.695772,-28137.661081
397468.647077,28503.973572,-27825.149575
397649.988597,28206.833323,-27510.343757
397829.411201,27906.314437,-27193.271870
398006.882020,27602.456899,-26873.962258
398182.368543,27295.301265,-26552.443361
398355.838624,26984.888651,-26228.743718
398527.260489,26671.260728,-25902.891961
398696.602745,26354.459713,-25574.916816
398863.834387,26034.528362,-25244.847097
399028.924809,25711.509959,-24912.711711
399191.843809,25385.448314,-24578.539649
399352.561598,25056.387750,-24242.359990
399511.048807,24724.373096,-23904.201897
399667.276497,24389.449678,-23564.094615
399821.216163,24051.663313,-23222.067470
399972.839744,23711.060299,-22878.149867
400122.119627,23367.687403,-22532.371289
400269.028660,23021.591860,-22184.761296
400413.540151,22672.821355,-21835.349522
400555.627883,22321.424022,-21484.165675
400695.266115,21967.448429,-21131.239533
400832.429590,21610.943572,-20776.600947
400967.093542,21251.958866,-20420.279834
401099.233704,20890.544133,-20062.306182
401228.826309,20526.749595,-19702.710043
401355.848102,20160.625862,-19341.521532
401480.276343,19792.223928,-18978.770833
401602.088812,19421.595152,-18614.488186
401721.263816,19048.791259,-18248.703896
401837.780194,18673.864320,-17881.448325
401951.617323,18296.866750,-17512.751897
402062.755120,17917.851293,-17142.645088
402171.174054,17536.871014,-16771.158434
402276.855143,17153.979289,-16398.322523
402379.779962,16769.229795,-16024.167999
402479.930650,16382.676497,-15648.725555
402577.289910,15994.373642,-15272.025938
402671.841017,15604.375745,-14894.099943
402763.567817,15212.737580,-14514.978416
402852.454739,14819.514171,-14134.692247
402938.486791,14424.760779,-13753.272376
403021.649568,14028.532890,-13370.749788
403101.929252,13630.886212,-12987.155510
403179.312621,13231.876654,-12602.520614
403253.787046,12831.560322,-12216.876215
403325.340496,12429.993508,-11830.253467
403393.961544,12027.232676,-11442.683566
403459.639364,11623.334454,-11054.197746
403522.363739,11218.355621,-10664.827280
403582.125058,10812.353097,-10274.603477
403638.914325,10405.383934,-9883.557683
403692.723151,9997.505303,-9491.721277
403743.543767,9588.774481,-9099.125674
403791.369017,9179.248846,-8705.802322
403836.192364,8768.985859,-8311.782701
403878.007890,8358.043060,-7917.098320
403916.810296,7946.478048,-7521.780720
403952.594906,7534.348483,-7125.861471
403985.357665,7121.712060,-6729.372171
404015.095140,6708.626510,-6332.344444
404041.804521,6295.149582,-5934.809942
404065.483622,5881.339035,-5536.800342
404086.130880,5467.252626,-5138.347343
404103.745356,5052.948101,-4739.482669
404118.326733,4638.483179,-4340.238068
404129.875317,4223.915546,-3940.645306
404138.392036,3809.302843,-3540.736173
404143.878440,3394.702652,-3140.542474
404146.336700,2980.172490,-2740.096037
404145.769606,2565.769794,-2339.428705
404142.180564,2151.551911,-1938.572339
404135.573601,1737.576088,-1537.558813
404125.953357,1323.899462,-1136.420020
404113.325085,910.579047,-735.187862
404097.694651,497.671722,-333.894256
404079.068530,85.234228,67.428868
404057.453805,-326.676853,468.749573
404032.858163,-738.005102,870.035908
404005.289894,-1148.694277,1271.255917
403974.757889,-1558.688319,1672.377634
403941.271635,-1967.931369,2073.369087
403904.841213,-2376.367772,2474.198300
403865.477293,-2783.942093,2874.833290
403823.191136,-3190.599121,3275.242071
403777.994585,-3596.283889,3675.392655
403729.900063,-4000.941672,4075.253054
403678.920569,-4404.518008,4474.791277
403625.069677,-4806.958700,4873.975336
403568.361527,-5208.209833,5272.773243
403508.810825,-5608.217778,5671.153014
403446.432835,-6006.929204,6069.082669
403381.243378,-6404.291091,6466.530235
403313.258825,-6800.250734,6863.463741
403242.496093,-7194.755757,7259.851226
403168.972638,-7587.754122,7655.660738
403092.706454,-7979.194135,8050.860335
403013.716064,-8369.024459,8445.418085
402932.020516,-8757.194125,8839.302069
402847.639380,-9143.652535,9232.480383
402760.592735,-9528.349476,9624.921135
402670.901172,-9911.235127,10016.592452
402578.585782,-10292.260070,10407.462477
402483.668153,-10671.375297,10797.499371
402386.170363,-11048.532217,11186.671317
402286.114971,-11423.682671,11574.946517
402183.525017,-11796.778932,11962.293198
402078.424007,-12167.773719,12348.679610
401970.835915,-12536.620206,12734.074029
401860.785170,-12903.272027,13118.444758
401748.296649,-13267.683283,13501.760127
401633.395676,-13629.808555,13883.988498
401516.108008,-13989.602909,14265.098264
401396.459832,-14347.021901,14645.057850
401274.477755,-14702.021591,15023.835715
401150.188798,-15054.558545,15401.400355
401023.620390,-15404.589844,15777.720304
400894.800356,-15752.073091,16152.764135
400763.756912,-16096.966421,16526.500460
400630.518659,-16439.228503,16898.897935
400495.114570,-16778.818549,17269.925261
400357.573988,-17115.696325,17639.551182
400217.926611,-17449.822148,18007.744493
400076.202490,-17781.156903,18374.474036
399932.432017,-18109.662041,18739.708703
399786.645919,-18435.299591,19103.417442
399638.875246,-18758.032161,19465.569254
399489.151366,-19077.822948,19826.133196
399337.505955,-19394.635742,20185.078384
399183.970989,-19708.434933,20542.373994
399028.578732,-20019.185512,20897.989266
398871.361731,-20326.853082,21251.893501
398712.352808,-20631.403860,21604.056068
398551.585045,-20932.804682,21954.446404
398389.091781,-21231.023009,22303.034017
398224.906599,-21526.026932,22649.788486
398059.063321,-21817.785174,22994.679465
397891.595994,-22106.267098,23337.676684
397722.538884,-22391.442706,23678.749951
397551.926466,-22673.282651,24017.869158
397379.793414,-22951.758234,24355.004276
397206.174592,-23226.841408,24690.125364
397031.105044,-23498.504787,25023.202567
396854.619987,-23766.721645,25354.206121
396676.754798,-24031.465919,25683.106352
396497.545007,-24292.712216,26009.873683
396317.026287,-24550.435812,26334.478632
396135.234444,-24804.612656,26656.891818
395952.205407,-25055.219373,26977.083960
395767.975219,-25302.233267,27295.025882
395582.580028,-25545.632323,27610.688514
395396.056076,-25785.395207,27924.042896
395208.439691,-26021.501271,28235.060179
395019.767276,-26253.930554,28543.711628
394830.075300,-26482.663782,28849.968627
394639.400287,-26707.682371,29153.802675
394447.778810,-26928.968428,29455.185399
394255.247478,-27146.504753,29754.088546
394061.842926,-27360.274838,30050.483993
393867.601808,-27570.262868,30344.343747
393672.560787,-27776.453724,30635.639947
393476.756522,-27978.832981,30924.344869
393280.225663,-28177.386910,31210.430927
393083.004840,-28372.102477,31493.870677
392885.130652,-28562.967342,31774.636819
392686.639658,-28749.969861,32052.702201
392487.568369,-28933.099086,32328.039820
392287.953237,-29112.344761,32600.622828
392087.830647,-29287.697324,32870.424531
391887.236908,-29459.147905,33137.418395
391686.208239,-29626.688326,33401.578049
391484.780768,-29790.311100,33662.877287
391282.990516,-29950.009426,33921.290070
391080.873389,-30105.777193,34176.790532
390878.465173,-30257.608974,34429.352981
390675.801519,-30405.500026,34678.951901
390472.917940,-30549.446287,34925.561959
390269.849797,-30689.444375,35169.158006
390066.632294,-30825.491583,35409.715078
389863.300465,-30957.585880,35647.208405
389659.889171,-31085.725907,35881.613406
389456.433086,-31209.910972,36112.905701
389252.966692,-31330.141050,36341.061108
389049.524269,-31446.416776,36566.055649
388846.139887,-31558.739448,36787.865553
388642.847397,-31667.111015,37006.467259
388439.680424,-31771.534082,37221.837419
388236.672357,-31872.011898,37433.952903
388033.856345,-31968.548360,37642.790799
387831.265284,-32061.148001,37848.328422
387628.931811,-32149.815992,38050.543310
387426.888300,-32234.558134,38249.413234
387225.166847,-32315.380854,38444.916198
387023.799270,-32392.291203,38637.030444
386822.817096,-32465.296845,38825.734453
386622.251556,-32534.406060,39011.006952
386422.133580,-32599.627730,39192.826914
386222.493785,-32660.971342,39371.173563
386023.362471,-32718.446975,39546.026378
385824.769616,-32772.065303,39717.365097
385626.744863,-32821.837578,39885.169719
385429.317521,-32867.775636,40049.420505
385232.516554,-32909.891882,40210.097988
385036.370575,-32948.199289,40367.182972
384840.907841,-32982.711387,40520.656535
384646.156245,-33013.442264,40670.500034
384452.143313,-33040.406549,40816.695110
384258.896196,-33063.619417,40959.223688
384066.441664,-33083.096571,41098.067983
383874.806101,-33098.854245,41233.210502
383684.015502,-33110.909190,41364.634049
383494.095464,-33119.278669,41492.321727
383305.071181,-33123.980449,41616.256942
383116.967444,-33125.032798,41736.423407
382929.808628,-33122.454469,41852.805143
382743.618696,-33116.264703,41965.386486
382558.421189,-33106.483210,42074.152089
382374.239221,-33093.130170,42179.086924
382191.095479,-33076.226221,42280.176285
382009.012217,-33055.792451,42377.405796
381828.011249,-33031.850393,42470.761408
381648.113949,-33004.422012,42560.229407
381469.341249,-32973.529699,42645.796415
381291.713628,-32939.196265,42727.449394
381115.251117,-32901.444928,42805.175649
380939.973290,-32860.299307,42878.962832
380765.899267,-32815.783413,42948.798943
380593.047702,-32767.921642,43014.672335
380421.436791,-32716.738760,43076.571720
380251.084262,-32662.259905,43134.486163
380082.007374,-32604.510565,43188.405096
379914.222917,-32543.516579,43238.318314
379747.747209,-32479.304124,43284.215980
379582.596093,-32411.899707,43326.088628
379418.784938,-32341.330154,43363.927166
379256.328634,-32267.622601,43397.722880
379095.241593,-32190.804488,43427.467434
378935.537747,-32110.903546,43453.152875
378777.230547,-32027.947787,43474.771636
378620.332962,-31941.965500,43492.316538
378464.857481,-31852.985235,43505.780791
378310.816107,-31761.035798,43515.158001
378158.220360,-31666.146238,43520.442169
378007.081280,-31568.345841,43521.627693
377857.409420,-31467.664118,43518.709375
377709.214850,-31364.130796,43511.682418
377562.507158,-31257.775808,43500.542433
377417.295450,-31148.629284,43485.285438
377273.588349,-31036.721542,43465.907862
377131.393997,-30922.083077,43442.406548
376990.720056,-30804.744549,43414.778753
376851.573709,-30684.736779,43383.022152
376713.961663,-30562.090737,43347.134839
376577.890144,-30436.837528,43307.115329
376443.364909,-30309.008388,43262.962562
376310.391239,-30178.634674,43214.675902
376178.973945,-30045.747850,43162.255141
376049.117368,-29910.379480,43105.700500
375920.825385,-29772.561220,43045.012631
375794.101405,-29632.324806,42980.192617
375668.948379,-29489.702045,42911.241977
375545.368798,-29344.724806,42838.162664
375423.364697,-29197.425010,42760.957071
375302.937656,-29047.834622,42679.628025
375184.088809,-28895.985638,42594.178798
375066.818841,-28741.910079,42504.613099
374951.127994,-28585.639982,42410.935081
374837.016071,-28427.207388,42313.149342
374724.482440,-28266.644333,42211.260922
374613.526037,-28103.982844,42105.275308
374504.145370,-27939.254921,41995.198433
374396.338524,-27772.492538,41881.036679
374290.103164,-27603.727624,41762.796874
374185.436540,-27432.992062,41640.486295
374082.335494,-27260.317678,41514.112672
373980.796461,-27085.736229,41383.684180
373880.815475,-26909.279399,41249.209447
373782.388176,-26730.978786,41110.697554
373685.509811,-26550.865899,40968.158029
373590.175246,-26368.972144,40821.600855
373496.378963,-26185.328819,40671.036466
373404.115071,-25999.967105,40516.475746
373313.377312,-25812.918058,40357.930033
373224.159061,-25624.212601,40195.411116
373136.453339,-25433.881516,40028.931235
373050.252814,-25241.955435,39858.503084
372965.549811,-25048.464836,39684.139806
372882.336311,-24853.440031,39505.854996
372800.603967,-24656.911161,39323.662701
372720.344102,-24458.908189,39137.577415
372641.547722,-24259.460891,38947.614083
372564.205515,-24058.598851,38753.788099
372488.307866,-23856.351453,38556.115304
372413.844857,-23652.747873,38354.611984
372340.806279,-23447.817077,38149.294876
372269.181633,-23241.587806,37940.181157
372198.960144,-23034.088578,37727.288450
372130.130762,-22825.347680,37510.634822
372062.682172,-22615.393156,37290.238781
371996.602801,-22404.252807,37066.119274
371931.880824,-22191.954186,36838.295688
371868.504173,-21978.524587,36606.787846
371806.460545,-21763.991043,36371.616010
371745.737406,-21548.380320,36132.800874
371686.322002,-21331.718912,35890.363563
371628.201364,-21114.033036,35644.325637
371571.362318,-20895.348625,35394.709082
371515.791490,-20675.691328,35141.536311
371461.475319,-20455.086499,34884.830162
371408.400056,-20233.559199,34624.613898
371356.551780,-20011.134187,34360.911200
371305.916401,-19787.835918,34093.746168
371256.479672,-19563.688540,33823.143320
371208.227192,-19338.715886,33549.127587
371161.144416,-19112.941478,33271.724309
371115.216667,-18886.388514,32990.959238
371070.429136,-18659.079874,32706.858530
371026.766897,-18431.038111,32419.448746
370984.214911,-18202.285449,32128.756847
370942.758036,-17972.843782,31834.810192
370902.381035,-17742.734672,31537.636534
370863.068582,-17511.979343,31237.264021
370824.805273,-17280.598681,30933.721187
370787.575632,-17048.613235,30627.036954
370751.364118,-16816.043209,30317.240625
370716.155139,-16582.908465,30004.361885
370681.933050,-16349.228520,29688.430794
370648.682171,-16115.022545,29369.477784
370616.386790,-15880.309364,29047.533658
370585.031170,-15645.107452,28722.629584
370554.599561,-15409.434935,28394.797094
370525.076202,-15173.309591,28064.068078
370496.445338,-14936.748845,27730.474780
370468.691217,-14699.769777,27394.049799
370441.798107,-14462.389110,27054.826078
370415.750299,-14224.623224,26712.836906
370390.532115,-13986.488144,26368.115911
370366.127917,-13747.999548,26020.697059
370342.522116,-13509.172766,25670.614645
370319.699176,-13270.022779,25317.903295
370297.643624,-13030.564223,24962.597957
370276.340057,-12790.811386,24604.733898
370255.773150,-12550.778215,24244.346704
370235.927664,-12310.478312,23881.472269
370216.788451,-12069.924939,23516.146794
370198.340462,-11829.131020,23148.406785
370180.568756,-11588.109141,22778.289043
370163.458507,-11346.871554,22405.830665
370146.995009,-11105.430179,22031.069036
370131.163683,-10863.796604,21654.041827
370115.950087,-10621.982094,21274.786986
370101.339921,-10379.997587,20893.342740
370087.319033,-10137.853700,20509.747584
370073.873425,-9895.560733,20124.040281
370060.989264,-9653.128672,19736.259852
370048.652884,-9410.567192,19346.445578
370036.850793,-9167.885658,18954.636989
370025.569682,-8925.093135,18560.873864
370014.796428,-8682.198387,18165.196221
370004.518103,-8439.209882,17767.644316
369994.721978,-8196.135797,17368.258637
369985.395529,-7952.984022,16967.079900
369976.526443,-7709.762166,16564.149039
369968.102626,-7466.477559,16159.507209
369960.112205,-7223.137259,15753.195772
369952.543536,-6979.748055,15345.256301
369945.385207,-6736.316475,14935.730567
369938.626046,-6492.848787,14524.660538
369932.255125,-6249.351009,14112.088372
369926.261764,-6005.828909,13698.056413
369920.635536,-5762.288017,13282.607186
369915.366276,-5518.733627,12865.783390
369910.444078,-5275.170799,12447.627893
369905.859305,-5031.604375,12028.183727
369901.602593,-4788.038974,11607.494085
369897.664853,-4544.479006,11185.602311
369894.037277,-4300.928673,10762.551898
369890.711342,-4057.391980,10338.386481
369887.678810,-3813.872737,9913.149832
369884.931740,-3570.374568,9486.885857
369882.462482,-3326.900919,9059.638583
369880.263687,-3083.455060,8631.452162
369878.328307,-2840.040094,8202.370860
369876.649601,-2596.658967,7772.439051
369875.221135,-2353.314471,7341.701215
369874.036786,-2110.009250,6910.201928
369873.090746,-1866.745813,6477.985861
369872.377522,-1623.526534,6045.097771
369871.891942,-1380.353664,5611.582496
369871.629152,-1137.229336,5177.484952
369871.584626,-894.155571,4742.850123
369871.754157,-651.134292,4307.723059
369872.133871,-408.167322,3872.148869
369872.720220,-165.256398,3436.172715
369873.509986,77.596825,2999.839807
369874.500284,320.390762,2563.195398
369875.688561,563.123899,2126.284774
369877.072598,805.794775,1689.153257
369878.650511,1048.401981,1251.846190
369880.420752,1290.944153,814.408937
369882.382109,1533.419959,376.886875
369884.533707,1775.828097,-60.674609
369886.875007,2018.167285,-498.230127
369889.405809,2260.436253,-935.734296
369892.126249,2502.633735,-1373.141738
369895.036799,2744.758462,-1810.407093
369898.138271,2986.809157,-2247.485019
369901.431809,3228.784522,-2684.330200
369904.918897,3470.683235,-3120.897354
369908.601350,3712.503940,-3557.141234
369912.481319,3954.245241,-3993.016636
369916.561287,4195.905691,-4428.478404
369920.844071,4437.483791,-4863.481438
369925.332814,4678.977975,-5297.980697
369930.030992,4920.386608,-5731.931203
369934.942405,5161.707975,-6165.288052
369940.071179,5402.940278,-6598.006416
369945.421764,5644.081623,-7030.041547
369950.998932,5885.130018,-7461.348786
369956.807770,6126.083360,-7891.883568
369962.853686,6366.939436,-8321.601425
369969.142399,6607.695908,-8750.457995
369975.679939,6848.350308,-9178.409025
369982.472647,7088.900034,-9605.410376
369989.527165,7329.342342,-10031.418031
369996.850441,7569.674336,-10456.388099
370004.449720,7809.892964,-10880.276821
370012.332542,8049.995011,-11303.040575
370020.506740,8289.977094,-11724.635879
370028.980435,8529.835650,-12145.019402
370037.762032,8769.566936,-12564.147965
370046.860216,9009.167018,-12981.978547
370056.283949,9248.631769,-13398.468290
370066.042464,9487.956858,-13813.574508
370076.145263,9727.137747,-14227.254685
370086.602109,9966.169686,-14639.466489
370097.423026,10205.047703,-15050.167769
370108.618292,10443.766603,-15459.316567
370120.198430,10682.320960,-15866.871117
370132.174212,10920.705110,-16272.789856
370144.556645,11158.913148,-16677.031424
370157.356973,11396.938925,-17079.554674
370170.586664,11634.776037,-17480.318671
370184.257414,11872.417822,-17879.282702
370198.381133,12109.857359,-18276.406281
370212.969942,12347.087459,-18671.649150
370228.036171,12584.100662,-19064.971286
370243.592347,12820.889231,-19456.332907
370259.651193,13057.445150,-19845.694477
370276.225619,13293.760120,-20233.016707
370293.328716,13529.825551,-20618.260563
370310.973753,13765.632561,-21001.387272
370329.174165,14001.171976,-21382.358322
370347.943551,14236.434317,-21761.135472
370367.295668,14471.409804,-22137.680751
370387.244419,14706.088353,-22511.956469
370407.803852,14940.459566,-22883.925215
370428.988150,15174.512735,-23253.549866
370450.811625,15408.236838,-23620.793589
370473.288712,15641.620531,-23985.619847
370496.433960,15874.652154,-24347.992401
370520.262027,16107.319719,-24707.875318
370544.787670,16339.610918,-25065.232971
370570.025742,16571.513112,-25420.030047
370595.991180,16803.013335,-25772.231548
370622.699002,17034.098290,-26121.802796
370650.164294,17264.754346,-26468.709439
370678.402211,17494.967540,-26812.917452
370707.427960,17724.723576,-27154.393143
370737.256799,17954.007819,-27493.103156
370767.904026,18182.805298,-27829.014473
370799.384976,18411.100707,-28162.094424
370831.715005,18638.878399,-28492.310682
370864.909490,18866.122392,-28819.631273
370898.983819,19092.816364,-29144.024578
370933.953381,19318.943654,-29465.459335
370969.833560,19544.487265,-29783.904643
371006.639727,19769.429862,-30099.329968
371044.387232,19993.753772,-30411.705144
371083.091397,20217.440986,-30721.000376
371122.767506,20440.473160,-31027.186245
371163.430798,20662.831616,-31330.233710
371205.096460,20884.497342,-31630.114109
371247.779619,21105.450995,-31926.799166
371291.495331,21325.672903,-32220.260991
371336.258578,21545.143063,-32510.472085
371382.084256,21763.841148,-32797.405341
371428.987168,21981.746508,-33081.034046
371476.982019,22198.838168,-33361.331889
371526.083403,22415.094837,-33638.272955
371576.305798,22630.494904,-33911.831737
371627.663559,22845.016448,-34181.983131
371680.170908,23058.637234,-34448.702441
371733.841927,23271.334721,-34711.965385
371788.690551,23483.086063,-34971.748089
371844.730559,23693.868115,-35228.027099
371901.975565,23903.657432,-35480.779375
371960.439014,24112.430278,-35729.982297
372020.134170,24320.162628,-35975.613666
372081.074113,24526.830169,-36217.651709
372143.271727,24732.408310,-36456.075073
372206.739695,24936.872183,-36690.862837
372271.490489,25140.196648,-36921.994505
372337.536366,25342.356299,-37149.450012
372404.889360,25543.325466,-37373.209726
372473.561270,25743.078225,-37593.254446
372543.563659,25941.588399,-37809.565407
372614.907842,26138.829565,-38022.124280
372687.604882,26334.775059,-38230.913172
372761.665581,26529.397982,-38435.914628
372837.100474,26722.671207,-38637.111635
372913.919822,26914.567385,-38834.487617
372992.133603,27105.058946,-39028.026442
373071.751508,27294.118113,-39217.712418
373152.782935,27481.716903,-39403.530296
373235.236977,27667.827136,-39585.465274
373319.122422,27852.420441,-39763.502991
373404.447743,28035.468261,-39937.629530
373491.221092,28216.941864,-40107.831423
373579.450293,28396.812346,-40274.095645
373669.142838,28575.050639,-40436.409618
373760.305880,28751.627522,-40594.761210
373852.946226,28926.513621,-40749.138735
373947.070333,29099.679425,-40899.530955
374042.684300,29271.095287,-41045.927078
374139.793865,29440.731435,-41188.316757
374238.404396,29608.557978,-41326.690095
374338.520890,29774.544916,-41461.037637
374440.147965,29938.662147,-41591.350378
374543.289853,30100.879474,-41717.619755
374647.950399,30261.166614,-41839.837653
374754.133055,30419.493207,-41957.996400
374861.840873,30575.828824,-42072.088770
374971.076503,30730.142974,-42182.107978
375081.842185,30882.405116,-42288.047685
375194.139750,31032.584662,-42389.901990
375307.970609,31180.650993,-42487.665438
375423.335756,31326.573460,-42581.333010
375540.235758,31470.321399,-42670.900130
375658.670754,31611.864136,-42756.362657
375778.640452,31751.170999,-42837.716888
375900.144122,31888.211324,-42914.959559
376023.180598,32022.954464,-42988.087836
376147.748267,32155.369804,-43057.099322
376273.845075,32285.426761,-43121.992051
376401.468516,32413.094799,-43182.764486
376530.615634,32538.343440,-43239.415521
376661.283019,32661.142266,-43291.944478
376793.466803,32781.460936,-43340.351101
376927.162660,32899.269189,-43384.635564
377062.365801,33014.536859,-43424.798458
377199.070975,33127.233880,-43460.840797
377337.272465,33237.330298,-43492.764015
377476.964086,33344.796278,-43520.569960
377618.139186,33449.602117,-43544.260897
377760.790640,33551.718250,-43563.839503
377904.910853,33651.115261,-43579.308864
378050.491758,33747.763893,-43590.672478
378197.524812,33841.635056,-43597.934247
378346.000998,33932.699837,-43601.098476
378495.910824,34020.929511,-43600.169876
378647.244323,34106.295547,-43595.153552
378799.991050,34188.769622,-43586.055010
378954.140085,34268.323626,-43572.880149
379109.680030,34344.929674,-43555.635261
379266.599014,34418.560116,-43534.327025
379424.884687,34489.187542,-43508.962511
379584.524223,34556.784798,-43479.549170
379745.504324,34621.324989,-43446.094836
379907.811216,34682.781492,-43408.607722
380071.430652,34741.127965,-43367.096416
380236.347915,34796.338354,-43321.569881
380402.547813,34848.386905,-43272.037451
380570.014689,34897.248169,-43218.508826
380738.732416,34942.897017,-43160.994071
380908.684403,34985.308643,-43099.503614
381079.853592,35024.458577,-43034.048242
381252.222465,35060.322693,-42964.639098
381425.773046,35092.877215,-42891.287676
381600.486899,35122.098731,-42814.005823
381776.345135,35147.964196,-42732.805730
381953.328411,35170.450945,-42647.699934
382131.416939,35189.536699,-42558.701311
382310.590480,35205.199576,-42465.823076
382490.828356,35217.418095,-42369.078777
382672.109448,35226.171190,-42268.482294
382854.412202,35231.438214,-42164.047834
383037.714632,35233.198948,-42055.789929
383221.994321,35231.433610,-41943.723433
383407.228430,35226.122863,-41827.863518
383593.393699,35217.247821,-41708.225670
383780.466452,35204.790060,-41584.825687
383968.422603,35188.731622,-41457.679675
384157.237655,35169.055025,-41326.804046
384346.886712,35145.743270,-41192.215512
384537.344479,35118.779849,-41053.931085
384728.585270,35088.148750,-40911.968070
384920.583009,35053.834466,-40766.344064
385113.311241,35015.822003,-40617.076953
385306.743132,34974.096883,-40464.184907
385500.851478,34928.645157,-40307.686377
385695.608709,34879.453405,-40147.600092
385890.986896,34826.508747,-39983.945056
386086.957755,34769.798847,-39816.740545
386283.492656,34709.311923,-39646.006101
386480.562627,34645.036748,-39471.761531
386678.138361,34576.962659,-39294.026903
386876.190222,34505.079564,-39112.822543
387074.688252,34429.377945,-38928.169029
387273.602178,34349.848867,-38740.087194
387472.901419,34266.483980,-38548.598114
387672.555091,34179.275525,-38353.723111
387872.532016,34088.216345,-38155.483748
388072.800730,33993.299879,-37953.901824
388273.329486,33894.520179,-37748.999373
388474.086267,33791.871906,-37540.798659
388675.038789,33685.350339,-37329.322172
388876.154511,33574.951379,-37114.592629
389077.400642,33460.671551,-36896.632965
389278.744148,33342.508013,-36675.466332
389480.151761,33220.458554,-36451.116097
389681.589987,33094.521604,-36223.605838
389883.025113,32964.696235,-35992.959339
390084.423216,32830.982162,-35759.200589
390285.750170,32693.379750,-35522.353779
390486.971657,32551.890020,-35282.443295
390688.053172,32406.514644,-35039.493719
390888.960035,32257.255954,-34793.529825
391089.657395,32104.116947,-34544.576573
391290.110244,31947.101278,-34292.659110
391490.283421,31786.213275,-34037.802764
391690.141623,31621.457931,-33780.033041
391889.649414,31452.840912,-33519.375624
392088.771234,31280.368558,-33255.856367
392287.471406,31104.047884,-32989.501295
392485.714147,30923.886581,-32720.336598
392683.463576,30739.893020,-32448.388630
392880.683723,30552.076253,-32173.683906
393077.338540,30360.446011,-31896.249097
393273.391908,30165.012709,-31616.111031
393468.807648,29965.787445,-31333.296685
393663.549526,29762.782001,-31047.833186
393857.581269,29556.008845,-30759.747807
394050.866570,29345.481128,-30469.067964
394243.369098,29131.212688,-30175.821213
394435.052509,28913.218048,-29880.035246
394625.880451,28691.512417,-29581.737892
394815.816580,28466.111688,-29280.957111
395004.824565,28237.032439,-28977.720992
395192.868097,28004.291934,-28672.057749
395379.910903,27767.908118,-28363.995724
395565.916750,27527.899621,-28053.563375
395750.849459,27284.285752,-27740.789283
395934.672912,27037.086501,-27425.702142
396117.351061,26786.322539,-27108.330761
396298.847941,26532.015211,-26788.704059
396479.127675,26274.186539,-26466.851065
396658.154488,26012.859220,-26142.800912
396835.892712,25748.056621,-25816.582837
397012.306801,25479.802777,-25488.226179
397187.361334,25208.122394,-25157.760376
397361.021031,24933.040839,-24825.214960
397533.250755,24654.584142,-24490.619559
397704.015531,24372.778991,-24154.003893
397873.280546,24087.652731,-23815.397770
398041.011164,23799.233358,-23474.831086
398207.172935,23507.549519,-23132.333821
398371.731601,23212.630506,-22787.936041
398534.653110,22914.506254,-22441.667888
398695.903620,22613.207333,-22093.559584
398855.449512,22308.764951,-21743.641428
399013.257401,22001.210945,-21391.943791
399169.294137,21690.577775,-21038.497118
399323.526824,21376.898528,-20683.331925
399475.922821,21060.206902,-20326.478793
399626.449756,20740.537210,-19967.968373
399775.075532,20417.924373,-19607.831377
399921.768339,20092.403912,-19246.098581
400066.496659,19764.011944,-18882.800821
400209.229277,19432.785181,-18517.968991
400349.935288,19098.760919,-18151.634041
400488.584109,18761.977033,-17783.826979
400625.145484,18422.471974,-17414.578861
400759.589493,18080.284764,-17043.920799
400891.886561,17735.454984,-16671.883952
401022.007468,17388.022771,-16298.499526
401149.923353,17038.028817,-15923.798776
401275.605727,16685.514352,-15547.812997
401399.026476,16330.521147,-15170.573532
401520.157872,15973.091501,-14792.111761
401638.972582,15613.268236,-14412.459105
401755.443672,15251.094693,-14031.647023
401869.544617,14886.614721,-13649.707009
401981.249310,14519.872669,-13266.670595
402090.532063,14150.913384,-12882.569342
402197.367625,13779.782197,-12497.434846
402301.731177,13406.524921,-12111.298732
402403.598350,13031.187838,-11724.192655
402502.945225,12653.817697,-11336.148296
402599.748341,12274.461701,-10947.197362
402693.984705,11893.167499,-10557.371586
402785.631796,11509.983185,-10166.702724
402874.667570,11124.957278,-9775.222553
402961.070472,10738.138723,-9382.962871
403044.819436,10349.576880,-8989.955495
403125.893895,9959.321513,-8596.232261
403204.273785,9567.422783,-8201.825021
403279.939553,9173.931239,-7806.765642
403352.872161,8778.897810,-7411.086005
403423.053092,8382.373794,-7014.818006
403490.464357,7984.410850,-6617.993551
403555.088497,7585.060990,-6220.644556
403616.908593,7184.376565,-5822.802948
403675.908266,6782.410263,-5424.500661
403732.071687,6379.215093,-5025.769637
403785.383577,5974.844378,-4626.641823
403835.829216,5569.351745,-4227.149171
403883.394444,5162.791117,-3827.323636
403928.065668,4755.216698,-3427.197179
403969.829863,4346.682972,-3026.801757
404008.674582,3937.244682,-2626.169331
404044.587953,3526.956830,-2225.331861
404077.558686,3115.874660,-1824.321305
404107.576079,2704.053651,-1423.169617
404134.630018,2291.549507,-1021.908748
404158.710980,1878.418144,-620.570645
404179.810039,1464.715682,-219.187248
404197.918868,1050.498436,182.209509
404213.029740,635.822900,583.587701
404225.135533,220.745743,984.915412
404234.229733,-194.676207,1386.160734
404240.306432,-610.385969,1787.291771
404243.360336,-1026.326424,2188.276641
404243.386763,-1442.440322,2589.083471
404240.381648,-1858.670297,2989.680404
404234.341540,-2274.958871,3390.035599
404225.263609,-2691.248473,3790.117227
404213.145644,-3107.481445,4189.893479
404197.986056,-3523.600052,4589.332562
404179.783876,-3939.546497,4988.402703
404158.538761,-4355.262928,5387.072148
404134.250990,-4770.691452,5785.309162
404106.921466,-5185.774145,6183.082034
404076.551719,-5600.453060,6580.359074
404043.143903,-6014.670245,6977.108615
404006.700795,-6428.367745,7373.299017
403967.225801,-6841.487622,7768.898661
403924.722947,-7253.971960,8163.875957
403879.196888,-7665.762878,8558.199343
403830.652899,-8076.802541,8951.837284
403779.096880,-8487.033172,9344.758273
403724.535351,-8896.397060,9736.930836
403666.975454,-9304.836576,10128.323527
403606.424951,-9712.294180,10518.904934
403542.892221,-10118.712433,10908.643679
403476.386258,-10524.034009,11297.508415
403406.916674,-10928.201705,11685.467833
403334.493691,-11331.158453,12072.490659
403259.128141,-11732.847330,12458.545655
403180.831467,-12133.211569,12843.601624
403099.615714,-12532.194571,13227.627406
403015.493533,-12929.739915,13610.591882
402928.478174,-13325.791368,13992.463973
402838.583483,-13720.292899,14373.212645
402745.823902,-14113.188686,14752.806904
402650.214464,-14504.423129,15131.215805
402551.770788,-14893.940861,15508.408443
402450.509076,-15281.686757,15884.353965
402346.446112,-15667.605945,16259.021564
402239.599255,-16051.643818,16632.380480
402129.986436,-16433.746045,17004.400006
402017.626153,-16813.858578,17375.049484
401902.537467,-17191.927665,17744.298312
401784.740000,-17567.899861,18112.115938
401664.253925,-17941.722038,18478.471866
401541.099965,-18313.341391,18843.335658
401415.299387,-18682.705456,19206.676931
401286.873996,-19049.762115,19568.465363
401155.846132,-19414.459604,19928.670690
401022.238662,-19776.746529,20287.262709
400886.074975,-20136.571872,20644.211283
400747.378975,-20493.885002,20999.486335
400606.175081,-20848.635684,21353.057856
400462.488210,-21200.774089,21704.895902
400316.343784,-21550.250805,22054.970598
400167.767711,-21897.016843,22403.252138
400016.786388,-22241.023650,22749.710789
399863.426690,-22582.223117,23094.316887
399707.715963,-22920.567590,23437.040846
399549.682019,-23256.009873,23777.853151
399389.353127,-23588.503244,24116.724368
399226.758008,-23918.001462,24453.625140
399061.925826,-24244.458775,24788.526190
398894.886180,-24567.829926,25121.398323
398725.669100,-24888.070169,25452.212427
398554.305036,-25205.135270,25780.939477
398380.824849,-25518.981519,26107.550532
398205.259809,-25829.565739,26432.016743
398027.641580,-26136.845291,26754.309347
397848.002218,-26440.778086,27074.399676
397666.374156,-26741.322589,27392.259157
397482.790204,-27038.437832,27707.859309
397297.283533,-27332.083415,28021.171752
397109.887671,-27622.219520,28332.168203
396920.636491,-27908.806912,28640.820482
396729.564208,-28191.806955,28947.100511
396536.705362,-28471.181610,29250.980320
396342.094817,-28746.893447,29552.432042
396145.767744,-29018.905654,29851.427924
395947.759622,-29287.182037,30147.940320
395748.106217,-29551.687033,30441.941701
395546.843583,-29812.385714,30733.404653
395344.008047,-30069.243794,31022.301878
395139.636201,-30322.227633,31308.606200
394933.764892,-30571.304247,31592.290564
394726.431213,-30816.441311,31873.328041
394517.672493,-31057.607166,32151.691827
394307.526290,-31294.770824,32427.355248
394096.030374,-31527.901976,32700.291763
393883.222726,-31756.970992,32970.474961
393669.141521,-31981.948932,33237.878572
393453.825124,-32202.807549,33502.476461
393237.312074,-32419.519290,33764.242637
393019.641079,-32632.057310,34023.151251
392800.851003,-32840.395467,34279.176600
392580.980858,-33044.508330,34532.293133
392360.069790,-33244.371187,34782.475447
392138.157073,-33439.960043,35029.698295
391915.282098,-33631.251628,35273.936586
391691.484361,-33818.223399,35515.165390
391466.803453,-34000.853545,35753.359939
391241.279050,-34179.120989,35988.495630
391014.950905,-34353.005392,36220.548027
390787.858834,-34522.487157,36449.492866
390560.042707,-34687.547431,36675.306057
390331.542439,-34848.168108,36897.963686
390102.397978,-35004.331829,37117.442019
389872.649295,-35156.021992,37333.717505
389642.336374,-35303.222746,37546.766778
389411.499201,-35445.918996,37756.566662
389180.177755,-35584.096409,37963.094170
388948.411996,-35717.741408,38166.326514
388716.241855,-35846.841180,38366.241100
388483.707226,-35971.383676,38562.815539
388250.847952,-36091.357610,38756.027644
388017.703816,-36206.752464,38945.855436
387784.314534,-36317.558482,39132.277148
387550.719739,-36423.766680,39315.271227
387316.958977,-36525.368840,39494.816338
387083.071691,-36622.357511,39670.891366
386849.097216,-36714.726013,39843.475420
386615.074766,-36802.468432,40012.547839
386381.043424,-36885.579623,40178.088192
386147.042135,-36964.055211,40340.076283
385913.109691,-37037.891586,40498.492153
385679.284726,-37107.085905,40653.316086
385445.605705,-37171.636092,40804.528612
385212.110911,-37231.540836,40952.110508
384978.838443,-37286.799587,41096.042804
384745.826196,-37337.412561,41236.306788
384513.111861,-37383.380734,41372.884005
384280.732909,-37424.705838,41505.756267
384048.726588,-37461.390366,41634.905654
383817.129907,-37493.437563,41760.314510
383585.979631,-37520.851427,41881.965457
383355.312273,-37543.636709,41999.841392
383125.164082,-37561.798903,42113.925497
382895.571035,-37575.344252,42224.201239
382666.568829,-37584.279738,42330.652373
382438.192871,-37588.613083,42433.262949
382210.478273,-37588.352744,42532.017313
381983.459840,-37583.507910,42626.900114
381757.172062,-37574.088499,42717.896302
381531.649106,-37560.105152,42804.991139
381306.924813,-37541.569231,42888.170198
381083.032681,-37518.492815,42967.419367
380860.005863,-37490.888693,43042.724856
380637.877161,-37458.770363,43114.073197
380416.679014,-37422.152025,43181.451252
380196.443491,-37381.048577,43244.846211
379977.202287,-37335.475610,43304.245603
379758.986715,-37285.449402,43359.637293
379541.827695,-37230.986915,43411.009491
379325.755754,-37172.105786,43458.350752
379110.801012,-37108.824325,43501.649985
378896.993183,-37041.161505,43540.896450
378684.361560,-36969.136961,43576.079765
378472.935018,-36892.770980,43607.189914
378262.742002,-36812.084497,43634.217242
378053.810522,-36727.099088,43657.152466
377846.168147,-36637.836961,43675.986676
377639.842003,-36544.320953,43690.711339
377434.858763,-36446.574522,43701.318302
377231.244644,-36344.621739,43707.799797
377029.025402,-36238.487281,43710.148444
376828.226327,-36128.196426,43708.357255
376628.872237,-36013.775041,43702.419635
376430.987475,-35895.249581,43692.329391
376234.595905,-35772.647072,43678.080730
376039.720906,-35645.995115,43659.668266
375846.385370,-35515.321867,43637.087022
375654.611695,-35380.656040,43610.332433
375464.421785,-35242.026889,43579.400351
375275.837046,-35099.464207,43544.287047
375088.878380,-34952.998314,43504.989216
374903.566184,-34802.660048,43461.503977
374719.920348,-34648.480758,43413.828880
374537.960251,-34490.492296,43361.961907
374357.704756,-34328.727005,43305.901475
374179.172213,-34163.217714,43245.646439
374002.380454,-33993.997722,43181.196098
373827.346790,-33821.100800,43112.550193
373654.088009,-33644.561169,43039.708915
373482.620380,-33464.413500,42962.672903
373312.959644,-33280.692900,42881.443251
373145.121017,-33093.434905,42796.021506
372979.119189,-32902.675466,42706.409677
372814.968321,-32708.450946,42612.610231
372652.682048,-32510.798102,42514.626101
372492.273474,-32309.754082,42412.460683
372333.755175,-32105.356411,42306.117845
372177.139200,-31897.642983,42195.601921
372022.437067,-31686.652049,42080.917723
371869.659766,-31472.422208,41962.070533
371718.817760,-31254.992398,41839.066114
371569.920983,-31034.401882,41711.910704
371422.978846,-30810.690240,41580.611025
371278.000232,-30583.897359,41445.174280
371134.993500,-30354.063421,41305.608155
370993.966489,-30121.228893,41161.920826
370854.926516,-29885.434519,41014.120951
370717.880378,-29646.721302,40862.217681
370582.834356,-29405.130503,40706.220655
370449.794216,-29160.703623,40546.140004
370318.765213,-28913.482394,40381.986350
370189.752090,-28663.508771,40213.770811
370062.759083,-28410.824917,40041.504997
369937.789926,-28155.473197,39865.201015
369814.847849,-27897.496162,39684.871467
369693.935585,-27636.936542,39500.529451
369575.055374,-27373.837234,39312.188564
369458.208963,-27108.241288,39119.862898
369343.397612,-26840.191903,38923.567044
369230.622098,-26569.732411,38723.316091
369119.882718,-26296.906266,38519.125627
369011.179295,-26021.757037,38311.011734
368904.511180,-25744.328391,38098.990997
368799.877258,-25464.664090,37883.080495
368697.275953,-25182.807973,37663.297805
368596.705230,-24898.803952,37439.661001
368498.162604,-24612.695993,37212.188652
368401.645143,-24324.528114,36980.899824
368307.149472,-24034.344369,36745.814075
368214.671780,-23742.188837,36506.951458
368124.207827,-23448.105617,36264.332519
368035.752946,-23152.138810,36017.978293
367949.302050,-22854.332513,35767.910307
367864.849639,-22554.730810,35514.150574
367782.389806,-22253.377757,35256.721595
367701.916243,-21950.317376,34995.646357
367623.422244,-21645.593641,34730.948328
367546.900715,-21339.250472,34462.651460
367472.344182,-21031.331720,34190.780180
367399.744791,-20721.881163,33915.359397
367329.094320,-20410.942490,33636.414492
367260.384186,-20098.559296,33353.971318
367193.605448,-19784.775070,33068.056200
367128.748816,-19469.633184,32778.695927
367065.804658,-19153.176888,32485.917755
367004.763010,-18835.449294,32189.749400
366945.613575,-18516.493375,31890.219037
366888.345740,-18196.351946,31587.355297
366832.948577,-17875.067664,31281.187261
366779.410851,-17552.683013,30971.744460
366727.721030,-17229.240298,30659.056870
366677.867291,-16904.781634,30343.154910
366629.837528,-16579.348940,30024.069434
366583.619357,-16252.983928,29701.831733
366539.200129,-15925.728096,29376.473525
366496.566933,-15597.622721,29048.026957
366455.706604,-15268.708848,28716.524596
366416.605735,-14939.027281,28381.999429
366379.250680,-14608.618582,28044.484852
366343.627564,-14277.523056,27704.014675
366309.722292,-13945.780746,27360.623109
366277.520554,-13613.431427,27014.344765
366247.007837,-13280.514597,26665.214649
366218.169427,-12947.069470,26313.268157
366190.990424,-12613.134969,25958.541071
366165.455744,-12278.749721,25601.069552
366141.550131,-11943.952047,25240.890134
366119.258162,-11608.779960,24878.039723
366098.564260,-11273.271154,24512.555588
366079.452693,-10937.463000,24144.475357
366061.907593,-10601.392541,23773.837011
366045.912954,-10265.096485,23400.678879
366031.452648,-9928.611199,23025.039631
366018.510427,-9591.972705,22646.958274
366007.069935,-9255.216672,22266.474144
365997.114711,-8918.378415,21883.626903
365988.628205,-8581.492885,21498.456530
365981.593778,-8244.594669,21111.003318
365975.994713,-7907.717981,20721.307864
365971.814222,-7570.896663,20329.411066
365969.035457,-7234.164176,19935.354116
365967.641512,-6897.553598,19539.178493
365967.615435,-6561.097618,19140.925957
365968.940236,-6224.828536,18740.638543
365971.598890,-5888.778258,18338.358553
365975.574350,-5552.978290,17934.128552
365980.849550,-5217.459741,17527.991359
365987.407416,-4882.253311,17119.990041
365995.230870,-4547.389298,16710.167907
366004.302841,-4212.897589,16298.568500
366014.606268,-3878.807660,15885.235593
366026.124112,-3545.148573,15470.213179
366038.839359,-3211.948975,15053.545464
366052.735027,-2879.237095,14635.276863
366067.794178,-2547.040742,14215.451993
366083.999918,-2215.387307,13794.115661
366101.335409,-1884.303758,13371.312863
366119.783873,-1553.816640,12947.088775
366139.328599,-1223.952074,12521.488745
366159.952952,-894.735758,12094.558286
366181.640376,-566.192963,11666.343069
366204.374400,-238.348537,11236.888919
366228.138649,88.773099,10806.241804
366252.916846,415.147947,10374.447827
366278.692818,740.752438,9941.553225
366305.450506,1065.563424,9507.604356
366333.173966,1389.558182,9072.647695
366361.847378,1712.714415,8636.729824
366391.455049,2035.010245,8199.897429
366421.981422,2356.424216,7762.197289
366453.411079,2676.935296,7323.676272
366485.728748,2996.522865,6884.381325
366518.919304,3315.166726,6444.359469
366552.967781,3632.847095,6003.657793
366587.859372,3949.544600,5562.323443
366623.579437,4265.240283,5120.403617
366660.113502,4579.915593,4677.945562
366697.447273,4893.552386,4234.996557
366735.566633,5206.132924,3791.603919
366774.457648,5517.639867,3347.814985
366814.106575,5828.056277,2903.677110
366854.499861,6137.365608,2459.237661
366895.624152,6445.551708,2014.544008
366937.466294,6752.598815,1569.643516
366980.013336,7058.491551,1124.583543
367023.252537,7363.214920,679.411429
367067.171369,7666.754304,234.174489
367111.757516,7969.095461,-211.079990
367156.998885,8270.224516,-656.304759
367202.883603,8570.127965,-1101.452615
367249.400023,8868.792661,-1546.476405
367296.536725,9166.205818,-1991.329032
367344.282523,9462.355002,-2435.963460
367392.626462,9757.228127,-2880.332725
367441.557827,10050.813451,-3324.389938
367491.066140,10343.099572,-3768.088293
367541.141164,10634.075421,-4211.381073
367591.772910,10923.730257,-4654.221654
367642.951630,11212.053663,-5096.563516
367694.667827,11499.035545,-5538.360244
367746.912255,11784.666114,-5979.565538
367799.675918,12068.935897,-6420.133218
367852.950073,12351.835717,-6860.017229
367906.726234,12633.356699,-7299.171645
367960.996171,12913.490253,-7737.550682
368015.751910,13192.228079,-8175.108696
368070.985738,13469.562156,-8611.800193
368126.690202,13745.484732,-9047.579833
368182.858107,14019.988329,-9482.402438
368239.482522,14293.065724,-9916.222993
368296.556779,14564.709955,-10348.996659
368354.074470,14834.914305,-10780.678769
368412.029453,15103.672302,-11211.224842
368470.415849,15370.977709,-11640.590583
368529.228040,15636.824521,-12068.731890
368588.460675,15901.206956,-12495.604860
368648.108666,16164.119449,-12921.165792
368708.167187,16425.556648,-13345.371196
368768.631676,16685.513403,-13768.177792
368829.497835,16943.984765,-14189.542522
368890.761626,17200.965973,-14609.422548
368952.419273,17456.452454,-15027.775263
369014.467263,17710.439811,-15444.558292
369076.902340,17962.923821,-15859.729496
369139.721508,18213.900424,-16273.246980
369202.922028,18463.365719,-16685.069097
369266.501419,18711.315958,-17095.154449
369330.457455,18957.747537,-17503.461894
369394.788161,19202.656991,-17909.950552
369459.491817,19446.040986,-18314.579806
369524.566951,19687.896314,-18717.309308
369590.012342,19928.219885,-19118.098983
369655.827015,20167.008722,-19516.909033
369722.010238,20404.259952,-19913.699942
369788.561522,20639.970802,-20308.432478
369855.480621,20874.138589,-20701.067697
369922.767524,21106.760718,-21091.566950
369990.422457,21337.834671,-21479.891883
370058.445879,21567.358004,-21866.004443
370126.838477,21795.328339,-22249.866881
370195.601171,22021.743356,-22631.441755
370264.735100,22246.600791,-23010.691935
370334.241630,22469.898424,-23387.580604
370404.122341,22691.634078,-23762.071265
370474.379034,22911.805609,-24134.127741
370545.013719,23130.410901,-24503.714179
370616.028617,23347.447861,-24870.795054
370687.426155,23562.914411,-25235.335173
370759.208960,23776.808484,-25597.299677
370831.379863,23989.128014,-25956.654041
370903.941886,24199.870937,-26313.364083
370976.898243,24409.035178,-26667.395964
371050.252339,24616.618649,-27018.716187
371124.007760,24822.619244,-27367.291608
371198.168274,25027.034830,-27713.089431
371272.737822,25229.863244,-28056.077214
371347.720519,25431.102289,-28396.222872
371423.120649,25630.749723,-28733.494680
371498.942657,25828.803259,-29067.861271
371575.191148,26025.260559,-29399.291645
371651.870882,26220.119226,-29727.755167
371728.986768,26413.376801,-30053.221570
371806.543863,26605.030759,-30375.660956
371884.547362,26795.078502,-30695.043803
371963.002600,26983.517354,-31011.340962
372041.915042,27170.344560,-31324.523660
372121.290279,27355.557277,-31634.563504
372201.134025,27539.152573,-31941.432483
372281.452113,27721.127419,-32245.102965
372362.250486,27901.478688,-32545.547707
372443.535194,28080.203149,-32842.739850
372525.312393,28257.297464,-33136.652921
372607.588332,28432.758184,-33427.260841
372690.369354,28606.581744,-33714.537918
372773.661889,28778.764459,-33998.458857
372857.472449,28949.302525,-34278.998754
372941.807622,29118.192007,-34556.133101
373026.674067,29285.428844,-34829.837789
373112.078509,29451.008840,-35100.089107
373198.027734,29614.927667,-35366.863741
373284.528582,29777.180854,-35630.138782
373371.587944,29937.763789,-35889.891720
373459.212754,30096.671716,-36146.100451
373547.409985,30253.899734,-36398.743272
373636.186645,30409.442788,-36647.798889
373725.549768,30563.295674,-36893.246411
373815.506409,30715.453033,-37135.065356
373906.063643,30865.909347,-37373.235651
373997.228553,31014.658942,-37607.737630
374089.008228,31161.695983,-37838.552038
374181.409759,31307.014473,-38065.660030
374274.440228,31450.608249,-38289.043171
374368.106708,31592.470986,-38508.683440
374462.416254,31732.596188,-38724.563227
374557.375899,31870.977195,-38936.665334
374652.992645,32007.607175,-39144.972979
374749.273465,32142.479127,-39349.469791
374846.225287,32275.585878,-39550.139814
374943.854997,32406.920086,-39746.967507
375042.169431,32536.474232,-39939.937743
375141.175365,32664.240629,-40129.035810
375240.879515,32790.211414,-40314.247412
375341.288530,32914.378551,-40495.558669
375442.408984,33036.733832,-40672.956113
375544.247373,33157.268873,-40846.426695
375646.810110,33275.975121,-41015.957781
375750.103515,33392.843844,-41181.537150
375854.133814,33507.866146,-41343.152999
375958.907134,33621.032951,-41500.793940
376064.429493,33732.335017,-41654.448999
376170.706797,33841.762931,-41804.107617
376277.744837,33949.307109,-41949.759650
376385.549280,34054.957802,-42091.395370
376494.125665,34158.705090,-42229.005459
376603.479397,34260.538892,-42362.581017
376713.615745,34360.448960,-42492.113555
376824.539833,34458.424885,-42617.594995
376936.256634,34554.456096,-42739.017675
377048.770969,34648.531865,-42856.374343
377162.087500,34740.641306,-42969.658156
377276.210725,34830.773379,-43078.862684
377391.144971,34918.916891,-43183.981907
377506.894391,35005.060499,-43285.010211
377623.462961,35089.192714,-43381.942394
377740.854472,35171.301899,-43474.773658
377859.072524,35251.376278,-43563.499614
377978.120527,35329.403933,-43648.116277
378098.001691,35405.372811,-43728.620069
378218.719024,35479.270724,-43805.007814
378340.275325,35551.085356,-43877.276739
378462.673183,35620.804262,-43945.424473
378585.914969,35688.414875,-44009.449045
378710.002836,35753.904507,-44069.348885
378834.938709,35817.260352,-44125.122821
378960.724286,35878.469495,-44176.770077
379087.361031,35937.518908,-44224.290274
379214.850171,35994.395461,-44267.683427
379343.192690,36049.085921,-44306.949946
379472.389329,36101.576959,-44342.090630
379602.440579,36151.855153,-44373.106673
379733.346676,36199.906993,-44399.999653
379865.107604,36245.718885,-44422.771540
379997.723081,36289.277154,-44441.424688
380131.192567,36330.568052,-44455.961837
380265.515250,36369.577761,-44466.386109
380400.690050,36406.292395,-44472.701008
380536.715614,36440.698010,-44474.910418
380673.590309,36472.780606,-44473.018602
380811.312225,36502.526131,-44467.030199
380949.879166,36529.920487,-44456.950221
381089.288653,36554.949538,-44442.784056
381229.537917,36577.599111,-44424.537462
381370.623896,36597.855004,-44402.216566
381512.543236,36615.702990,-44375.827863
381655.292285,36631.128824,-44345.378214
381798.867092,36644.118245,-44310.874842
381943.263406,36654.656986,-44272.325334
382088.476671,36662.730779,-44229.737635
382234.502025,36668.325358,-44183.120050
382381.334300,36671.426465,-44132.481237
382528.968015,36672.019858,-44077.830209
382677.397380,36670.091318,-44019.176330
382826.616291,36665.626650,-43956.529314
382976.618330,36658.611694,-43889.899222
383127.396760,36649.032326,-43819.296459
383278.944528,36636.874471,-43744.731775
383431.254263,36622.124102,-43666.216258
383584.318271,36604.767251,-43583.761337
383738.128539,36584.790011,-43497.378773
383892.676728,36562.178547,-43407.080665
384047.954180,36536.919100,-43312.879440
384203.951911,36508.997993,-43214.787856
384360.660611,36478.401635,-43112.818997
384518.070646,36445.116533,-43006.986270
384676.172057,36409.129295,-42897.303405
384834.954558,36370.426636,-42783.784450
384994.407537,36328.995384,-42666.443771
385154.520056,36284.822489,-42545.296047
385315.280849,36237.895028,-42420.356270
385476.678325,36188.200211,-42291.639739
385638.700568,36135.725389,-42159.162063
385801.335336,36080.458058,-42022.939149
385964.570060,36022.385867,-41882.987210
386128.391847,35961.496626,-41739.322756
386292.787482,35897.778309,-41591.962593
386457.743426,35831.219063,-41440.923822
386623.245815,35761.807216,-41286.223833
386789.280467,35689.531278,-41127.880304
386955.832880,35614.379953,-40965.911200
387122.888230,35536.342144,-40800.334766
387290.431379,35455.406957,-40631.169529
387458.446870,35371.563709,-40458.434292
387626.918934,35284.801937,-40282.148132
387795.831489,35195.111401,-40102.330398
387965.168139,35102.482090,-39919.000708
388134.912182,35006.904232,-39732.178944
388305.046608,34908.368296,-39541.885253
388475.554102,34806.865004,-39348.140042
388646.417046,34702.385329,-39150.963974
388817.617523,34594.920511,-38950.377969
388989.137315,34484.462054,-38746.403196
389160.957912,34371.001738,-38539.061075
389333.060509,34254.531625,-38328.373270
389505.426012,34135.044061,-38114.361690
389678.035041,34012.531686,-37897.048482
389850.867929,33886.987440,-37676.456033
390023.904732,33758.404564,-37452.606961
390197.125223,33626.776613,-37225.524119
390370.508906,33492.097457,-36995.230586
390544.035010,33354.361289,-36761.749667
390717.682498,33213.562628,-36525.104892
390891.430069,33069.696329,-36285.320008
391065.256161,32922.757584,-36042.418981
391239.138956,32772.741931,-35796.425989
391413.056383,32619.645260,-35547.365422
391586.986122,32463.463814,-35295.261879
391760.905610,32304.194198,-35040.140164
391934.792042,32141.833385,-34782.025281
392108.622377,31976.378717,-34520.942437
392282.373344,31807.827916,-34256.917033
392456.021443,31636.179083,-33989.974664
392629.542951,31461.430707,-33720.141117
392802.913927,31283.581671,-33447.442364
392976.110220,31102.631252,-33171.904564
393149.107465,30918.579130,-32893.554058
393321.881097,30731.425390,-32612.417366
393494.406351,30541.170529,-32328.521181
393666.658269,30347.815460,-32041.892375
393838.611705,30151.361513,-31752.557985
394010.241328,29951.810447,-31460.545218
394181.521630,29749.164444,-31165.881447
394352.426932,29543.426123,-30868.594203
394522.931385,29334.598536,-30568.711180
394693.008980,29122.685179,-30266.260226
394862.633553,28907.689991,-29961.269341
395031.778789,28689.617359,-29653.766679
395200.418227,28468.472122,-29343.780538
395368.525270,28244.259576,-29031.339365
395536.073186,28016.985475,-28716.471744
395703.035118,27786.656035,-28399.206402
395869.384086,27553.277940,-28079.572202
396035.092997,27316.858339,-27757.598141
396200.134650,27077.404858,-27433.313344
396364.481739,26834.925594,-27106.747068
396528.106865,26589.429124,-26777.928695
396690.982536,26340.924504,-26446.887728
396853.081180,26089.421275,-26113.653793
397014.375146,25834.929464,-25778.256631
397174.836713,25577.459582,-25440.726098
397334.438094,25317.022637,-25101.092165
397493.151449,25053.630124,-24759.384911
397650.948883,24787.294036,-24415.634520
397807.802459,24518.026862,-24069.871285
397963.684202,24245.841588,-23722.125596
398118.566106,23970.751704,-23372.427946
398272.420142,23692.771197,-23020.808923
398425.218264,23411.914561,-22667.299209
398576.932414,23128.196793,-22311.929580
398727.534533,22841.633398,-21954.730899
398876.996563,22552.240386,-21595.734116
399025.290461,22260.034275,-21234.970266
399172.388195,21965.032093,-20872.470467
399318.261764,21667.251379,-20508.265914
399462.883195,21366.710179,-20142.387880
399606.224554,21063.427054,-19774.867714
399748.257952,20757.421073,-19405.736837
399888.955556,20448.711819,-19035.026738
400028.289590,20137.319385,-18662.768976
400166.232344,19823.264376,-18288.995175
400302.756186,19506.567910,-17913.737022
400437.833563,19187.251615,-17537.026263
400571.437009,18865.337632,-17158.894705
400703.539155,18540.848609,-16779.374212
400834.112737,18213.807708,-16398.496699
400963.130597,17884.238599,-16016.294137
401090.565696,17552.165459,-15632.798543
401216.391119,17217.612973,-15248.041984
401340.580083,16880.606335,-14862.056572
401463.105942,16541.171240,-14474.874464
401583.942197,16199.333888,-14086.527856
401703.062501,15855.120985,-13697.048985
401820.440667,15508.559731,-13306.470125
401936.050677,15159.677832,-12914.823584
402049.866683,14808.503485,-12522.141707
402161.863022,14455.065386,-12128.456866
402272.014217,14099.392722,-11733.801466
402380.294988,13741.515172,-11338.207937
402486.680255,13381.462902,-10941.708735
402591.145150,13019.266565,-10544.336342
402693.665019,12654.957296,-10146.123258
402794.215432,12288.566713,-9747.102007
402892.772189,11920.126909,-9347.305128
402989.311326,11549.670452,-8946.765178
403083.809125,11177.230385,-8545.514728
403176.242117,10802.840214,-8143.586362
403266.587090,10426.533913,-7741.012675
403354.821095,10048.345919,-7337.826271
403440.921456,9668.311124,-6934.059762
403524.865773,9286.464876,-6529.745766
403606.631929,8902.842973,-6124.916905
403686.198099,8517.481660,-5719.605803
